<?xml version="1.0" encoding="UTF-8" ?>
<!DOCTYPE mapper
  PUBLIC "-//mybatis.org//DTD Mapper 3.0//EN"
  "http://mybatis.org/dtd/mybatis-3-mapper.dtd">
  
<mapper namespace="com.diary.biz.diary">
	<insert id="addDiary" parameterType="diary">
		insert into diary values((select nvl(max(seq),0)+1 from diary),#{title},#{content},#{img},#{video},#{dlat},#{dlong},sysdate,#{userid},'movie')
	</insert>
	<select id="getDiaryList" resultType="diary">
		select * from diary where userid = #{userid} order by seq desc
	</select>
	<select id="getDiary" resultType="diary">
		select * from diary where userid = #{userid} and seq = #{seq}
	</select>
	<select id="getSomeonesDiary" resultType="diary">
		<![CDATA[
			select * from (select * from diary where userid <> #{userid} order by dbms_random.value) where rownum=1
		]]>
	</select>
	<delete id="deleteDiary" parameterType="diary">
		delete from diary where userid = #{userid} and seq = #{seq}
	</delete>
	<update id="updateDiary" parameterType="diary">
		update diary set title = #{title}, content=#{content}, img = #{img}, dlat=#{dlat}, dlong=#{dlong} where userid = #{userid} and seq = #{seq}
	</update>
</mapper>